conferente,tempo_medio_conferencia,tempo,data_operacao
CONFERENTE / SUPERVISOR ,00:00:08,0 days 00:00:08.600000,2026-01-09
CONFERENTE / SUPERVISOR ,00:01:00,0 days 00:01:00.400000,2026-01-13
CONFERENTE / SUPERVISOR ,00:00:04,0 days 00:00:04.958333,2026-01-21
CONFERENTE / SUPERVISOR ,00:00:23,0 days 00:00:23.188235,2026-01-22
CONFERENTE / SUPERVISOR ,00:00:25,0 days 00:00:25.578947,2026-01-23
CONFERENTE / SUPERVISOR ,00:00:58,0 days 00:00:58.666667,2026-01-27
CONFERENTE / SUPERVISOR ,00:00:57,0 days 00:00:57.836735,2026-01-28
CONFERENTE / SUPERVISOR ,00:00:58,0 days 00:00:58.489796,2026-01-29
CONFERENTE / SUPERVISOR ,00:00:28,0 days 00:00:28.470588,2026-01-30
CONFERENTE / SUPERVISOR ,00:00:32,0 days 00:00:32.775000,2026-02-02
CLAUDENIR RODRIGUES MARTINS,00:00:05,0 days 00:00:05.750000,2026-02-03
CONFERENTE / SUPERVISOR ,00:00:15,0 days 00:00:15.083333,2026-02-03
CONFERENTE / SUPERVISOR ,00:00:06,0 days 00:00:06.982759,2026-02-04
CONFERENTE / SUPERVISOR ,00:00:33,0 days 00:00:33.772152,2026-02-05
CONFERENTE / SUPERVISOR ,00:00:40,0 days 00:00:40.388889,2026-02-06
CONFERENTE / SUPERVISOR ,00:00:15,0 days 00:00:15.500000,2026-02-09
CONFERENTE / SUPERVISOR ,00:00:55,0 days 00:00:55.952381,2026-02-12
CONFERENTE / SUPERVISOR ,00:02:02,0 days 00:02:02.536585,2026-02-23
CONFERENTE / SUPERVISOR ,00:01:40,0 days 00:01:40.176471,2026-02-24
CONFERENTE / SUPERVISOR ,00:00:34,0 days 00:00:34.730769,2026-08-11
CONFERENTE / SUPERVISOR ,00:00:59,0 days 00:00:59.095238,2026-08-12
CONFERENTE / SUPERVISOR ,00:01:34,0 days 00:01:34.218750,2026-08-13
CONFERENTE / SUPERVISOR ,00:00:38,0 days 00:00:38.016393,2026-08-14
CONFERENTE / SUPERVISOR ,00:00:46,0 days 00:00:46.714286,2026-08-17
CONFERENTE / SUPERVISOR ,00:00:31,0 days 00:00:31.757576,2026-08-18
CONFERENTE / SUPERVISOR ,00:00:35,0 days 00:00:35.282051,2026-08-19
CONFERENTE / SUPERVISOR ,00:01:26,0 days 00:01:26.750000,2026-08-20
CONFERENTE / SUPERVISOR ,00:01:08,0 days 00:01:08.205882,2026-08-21
CONFERENTE / SUPERVISOR ,00:01:59,0 days 00:01:59.901786,2026-08-24
CONFERENTE / SUPERVISOR ,00:00:47,0 days 00:00:47.980263,2026-08-25
CONFERENTE / SUPERVISOR ,00:01:19,0 days 00:01:19.619565,2026-08-26
Filial C.M,00:01:03,0 days 00:01:03.474227,2026-08-27
CONFERENTE / SUPERVISOR ,00:00:07,0 days 00:00:07.750000,2026-08-28
Filial C.M,00:01:12,0 days 00:01:12.560976,2026-08-28
ROADSHOW,00:00:24,0 days 00:00:24.750000,2026-08-28
Filial C.M,00:00:40,0 days 00:00:40.672000,2026-08-31
Filial PPR,00:00:26,0 days 00:00:26.200000,2026-08-31
Filial C.M,00:00:48,0 days 00:00:48.527273,2026-09-01
Filial C.M,00:00:09,0 days 00:00:09.400000,2026-09-02
Filial PPR,00:01:16,0 days 00:01:16,2026-09-02
Filial C.M,00:01:10,0 days 00:01:10.104478,2026-09-03
Filial C.M,00:01:21,0 days 00:01:21.258621,2026-09-04
Filial C.M,00:00:52,0 days 00:00:52.378049,2026-09-09
Filial C.M,00:01:44,0 days 00:01:44.897059,2026-09-10
Filial C.M,00:01:17,0 days 00:01:17.294118,2026-09-11
Filial C.M,00:01:11,0 days 00:01:11.648352,2026-09-14
Filial C.M,00:01:25,0 days 00:01:25.653846,2026-09-16
Filial C.M,00:00:59,0 days 00:00:59.114754,2026-09-17
Filial C.M,00:01:17,0 days 00:01:17.969697,2026-09-18
Filial C.M,00:00:42,0 days 00:00:42.993197,2026-09-21
Filial C.M,00:00:54,0 days 00:00:54.633929,2026-09-22
Filial Matão,00:01:35,0 days 00:01:35.125000,2026-09-22
Filial C.M,00:00:56,0 days 00:00:56.884211,2026-09-23
Filial Matão,00:01:10,0 days 00:01:10.857143,2026-09-23
Filial C.M,00:01:05,0 days 00:01:05.183673,2026-09-24
Filial Matão,00:03:10,0 days 00:03:10.166667,2026-09-24
Filial C.M,00:00:47,0 days 00:00:47.774194,2026-09-25
Filial Matão,00:01:59,0 days 00:01:59.680000,2026-09-25
Filial C.M,00:00:46,0 days 00:00:46.761062,2026-09-28
Filial C.M,00:00:43,0 days 00:00:43.250000,2026-09-29
Filial Matão,00:02:39,0 days 00:02:39.333333,2026-09-29
Filial PPR,00:00:13,0 days 00:00:13.232143,2026-09-29
Filial C.M,00:01:12,0 days 00:01:12.617978,2026-09-30
Filial Matão,00:01:08,0 days 00:01:08.687500,2026-09-30
Filial PPR,00:00:25,0 days 00:00:25.396552,2026-09-30
Filial Matão,00:02:15,0 days 00:02:15.545455,2026-10-01
Filial PPR,00:00:39,0 days 00:00:39.739130,2026-10-01
