INÍCIO DA OPERAÇÃO,PRIMEIRA MONTAGEM,ULTIMA MONTAGEM,DURAÇÃO DA MONTAGEM,PRIMEIRA CONFERENCIA,ULTIMA CONFERENCIA,DURAÇÃO DA CONFERENCIA,PRIMEIRO EMPILHAMENTO,ULTIMO EMPILHAMENTO,DURAÇÃO DO EMPILHAMENTO,data_operacao
2026-08-28 18:56:33.615482,2026-08-28 18:58:12.899206,2026-08-29 00:07:47.913953,05:09:35,2026-08-28 20:44:18.202746,2026-08-29 00:41:30.051206,03:57:11,2026-08-28 22:15:29.256846,2026-08-29 00:41:37.695938,02:26:08,2026-08-28
2026-02-03 19:38:01.131692,2026-02-03 19:38:53.540052,2026-02-04 01:03:23.195640,05:24:29,2026-02-03 20:45:27.391533,2026-02-04 02:52:42.883763,06:07:15,2026-02-04 00:01:14.987774,2026-02-04 02:54:25.876894,02:53:10,2026-02-03
2026-08-17 18:43:44.576420,2026-08-17 18:54:21.576055,2026-08-18 04:10:04.849136,09:15:43,2026-08-17 19:47:05.575887,2026-08-18 04:34:46.584472,08:47:41,2026-08-17 19:49:37.298136,2026-08-18 04:37:44.087344,08:48:06,2026-08-17
2026-01-05 19:23:28.714160,2026-01-05 19:44:13.191296,2026-01-05 20:51:34.235223,01:07:21,2026-01-05 20:53:35.436995,2026-01-05 21:02:04.873289,00:08:29,,,,2026-01-05
2026-01-07 19:08:39.352460,2026-01-07 19:34:10.705031,2026-01-07 20:48:16.109614,01:14:05,,,,,,,2026-01-07
2026-02-04 19:53:35.179895,2026-02-04 19:57:51.917931,2026-02-05 02:19:01.679041,06:21:09,2026-02-04 20:31:50.898352,2026-02-05 02:24:14.555415,05:52:23,2026-02-04 21:02:13.138655,2026-02-05 02:22:19.657449,05:20:06,2026-02-04
2026-01-06 21:35:58.483554,,,,,,,,,,2026-01-06
2026-01-09 18:35:15.504934,2026-01-09 18:37:50.050830,2026-01-09 18:54:45.702877,00:16:55,2026-01-09 18:59:55.409299,2026-01-09 19:08:22.752938,00:08:27,2026-01-09 19:04:24.762910,2026-01-09 19:04:50.755772,00:00:25,2026-01-09
2026-01-13 18:23:36.475529,2026-01-13 18:29:38.177775,2026-01-13 19:11:23.239910,00:41:45,2026-01-13 19:21:11.414532,2026-01-13 19:30:46.581876,00:09:35,2026-01-13 19:37:15.712295,2026-01-13 19:37:37.663513,00:00:21,2026-01-13
2026-02-05 18:02:58.604584,2026-02-05 18:19:03.812695,2026-02-06 03:20:11.681467,09:01:07,2026-02-05 19:08:45.670982,2026-02-06 03:22:10.403312,08:13:24,2026-02-05 20:43:29.902431,2026-02-06 03:22:54.819014,06:39:24,2026-02-05
2026-01-21 18:23:27.626309,2026-01-21 18:49:07.068605,2026-01-21 20:56:27.239264,02:07:20,2026-01-21 22:44:44.150541,2026-01-21 23:24:05.514429,00:39:21,2026-01-21 23:16:33.316931,2026-01-21 23:18:40.038851,00:02:06,2026-01-21
2026-02-06 20:03:42.263027,2026-02-06 20:06:52.561449,2026-02-07 00:21:27.817993,04:14:35,2026-02-06 22:11:44.060802,2026-02-07 00:25:04.462151,02:13:20,2026-02-06 22:52:41.503920,2026-02-07 00:28:00.371305,01:35:18,2026-02-06
2026-01-22 18:25:59.941777,2026-01-22 19:03:05.004531,2026-01-23 05:04:23.121504,10:01:18,2026-01-22 20:37:20.541276,2026-01-23 05:19:02.267023,08:41:41,2026-01-22 23:51:08.317674,2026-01-23 05:18:14.632065,05:27:06,2026-01-22
2026-08-18 18:35:55.484823,2026-08-18 18:51:24.362032,2026-08-19 00:32:44.912798,05:41:20,2026-08-18 22:21:04.906813,2026-08-19 00:45:34.840841,02:24:29,2026-08-18 22:18:24.213067,2026-08-19 00:46:25.021977,02:28:00,2026-08-18
2026-01-23 16:05:06.010440,2026-01-23 18:28:22.117253,2026-01-23 20:56:22.291459,02:28:00,2026-01-23 22:36:36.530905,2026-01-23 23:34:48.292664,00:58:11,2026-01-23 23:16:56.024127,2026-01-23 23:40:29.886860,00:23:33,2026-01-23
2026-02-12 19:35:37.457235,2026-02-12 19:56:48.377748,2026-02-13 00:01:08.547522,04:04:20,2026-02-12 22:29:40.701093,2026-02-13 00:42:01.972093,02:12:21,2026-02-13 00:36:31.671628,2026-02-13 00:42:30.481413,00:05:58,2026-02-12
2026-02-09 19:21:04.657589,2026-02-09 23:07:07.941147,2026-02-10 06:08:29.179981,07:01:21,2026-02-09 23:26:20.815993,2026-02-10 06:13:59.645505,06:47:38,2026-02-10 00:16:23.911667,2026-02-10 06:18:14.610188,06:01:50,2026-02-09
2026-08-19 18:47:07.306584,2026-08-19 18:59:01.706410,2026-08-20 01:48:03.960513,06:49:02,2026-08-19 22:22:47.228886,2026-08-20 01:52:21.749248,03:29:34,2026-08-19 22:53:24.080395,2026-08-20 01:52:44.883007,02:59:20,2026-08-19
2026-01-28 19:18:49.068160,2026-01-28 19:31:28.560723,2026-01-29 02:18:44.065540,06:47:15,2026-01-29 00:11:09.676356,2026-01-29 02:20:03.988890,02:08:54,2026-01-29 01:52:47.191459,2026-01-29 02:20:26.654140,00:27:39,2026-01-28
2026-02-23 19:17:33.007605,2026-02-23 19:19:13.283931,2026-02-24 03:54:48.259836,08:35:34,2026-02-23 19:50:15.248983,2026-02-24 04:00:35.481752,08:10:20,2026-02-24 00:09:09.702856,2026-02-24 03:59:59.804273,03:50:50,2026-02-23
2026-01-27 19:22:14.085040,2026-01-27 19:31:30.550238,2026-01-28 01:11:20.022811,05:39:49,2026-01-27 23:15:54.797878,2026-01-28 01:47:45.556812,02:31:50,2026-01-28 01:12:34.386335,2026-01-28 01:47:03.057169,00:34:28,2026-01-27
2026-01-29 19:20:55.318709,2026-01-29 19:21:55.986510,2026-01-30 00:07:58.358581,04:46:02,2026-01-29 22:50:02.696781,2026-01-30 00:54:00.172109,02:03:57,2026-01-29 23:19:26.298871,2026-01-30 00:52:48.800302,01:33:22,2026-01-29
2026-08-20 18:49:15.393371,2026-08-20 18:50:57.679526,2026-08-21 00:15:27.781370,05:24:30,2026-08-20 22:35:14.573863,2026-08-21 01:14:34.354460,02:39:19,2026-08-20 19:22:15.436506,2026-08-21 01:49:16.688868,06:27:01,2026-08-20
2026-01-30 18:18:31.263876,2026-01-30 18:34:29.625275,2026-01-30 20:33:30.695101,01:59:01,2026-01-30 20:48:20.656572,2026-01-31 00:22:55.103815,03:34:34,2026-01-30 21:04:50.666126,2026-01-31 00:22:14.071555,03:17:23,2026-01-30
2026-02-24 19:30:53.867178,2026-02-24 20:05:17.922472,2026-02-25 02:15:08.725798,06:09:50,2026-02-24 22:24:35.344078,2026-02-25 02:19:08.891776,03:54:33,2026-02-24 22:43:00.571139,2026-02-25 02:22:49.775106,03:39:49,2026-02-24
2026-02-02 18:43:17.109799,2026-02-02 18:50:06.170721,2026-02-02 21:48:43.681468,02:58:37,2026-02-02 20:18:05.224773,2026-02-02 21:51:23.008128,01:33:17,2026-02-02 20:09:35.248018,2026-02-02 21:52:09.007377,01:42:33,2026-02-02
2026-03-05 19:06:39.634405,2026-03-05 19:07:24.105955,2026-03-05 20:43:08.264494,01:35:44,2026-03-05 19:39:33.800502,2026-03-05 19:42:15.556119,00:02:41,,,,2026-03-05
2026-08-31 22:26:17.765958,2026-08-31 22:29:42.515482,2026-09-01 04:41:57.259915,06:12:14,2026-09-01 00:00:14.902312,2026-09-01 05:38:50.037051,05:38:35,2026-08-31 23:01:02.105338,2026-09-01 05:37:27.539618,06:36:25,2026-08-31
2026-08-21 18:33:19.140158,2026-08-21 18:45:08.341310,2026-08-21 23:37:06.028104,04:51:57,2026-08-21 20:15:33.764673,2026-08-22 00:07:57.012315,03:52:23,2026-08-21 19:18:21.679785,2026-08-22 00:19:07.456985,05:00:45,2026-08-21
2026-08-11 18:45:28.478939,2026-08-11 18:52:07.472384,2026-08-12 03:30:23.477683,08:38:16,2026-08-11 22:08:17.639254,2026-08-12 03:38:12.641584,05:29:55,2026-08-11 19:44:02.102759,2026-08-12 03:35:28.602808,07:51:26,2026-08-11
2026-08-12 18:43:28.159431,2026-08-12 18:52:28.359231,2026-08-13 02:30:14.223718,07:37:45,2026-08-12 22:14:00.085668,2026-08-13 02:30:41.894267,04:16:41,2026-08-12 22:58:06.280049,2026-08-13 02:39:19.335317,03:41:13,2026-08-12
2026-08-13 18:40:09.724853,2026-08-13 18:51:39.809254,2026-08-14 00:43:46.676429,05:52:06,2026-08-13 22:18:08.207848,2026-08-14 00:46:44.733733,02:28:36,2026-08-13 19:07:04.791530,2026-08-14 00:47:59.719761,05:40:54,2026-08-13
2026-08-31 16:58:38.454085,2026-08-31 17:00:33.614272,2026-09-01 16:42:05.225907,23:41:31,2026-08-31 17:03:34.880952,2026-09-01 17:10:52.207143,00:07:17,2026-08-31 17:21:21.294006,2026-09-01 17:08:22.434815,23:47:01,2026-08-31
2026-08-24 18:41:06.507544,2026-08-24 18:47:58.432722,2026-08-25 01:14:08.008575,06:26:09,2026-08-24 19:37:47.780369,2026-08-25 01:40:23.889492,06:02:36,2026-08-24 19:36:03.735455,2026-08-25 01:52:27.535543,06:16:23,2026-08-24
2026-08-14 18:43:15.165461,2026-08-14 18:45:57.176594,2026-08-15 01:15:26.854254,06:29:29,2026-08-14 19:30:13.749628,2026-08-15 01:27:24.398632,05:57:10,2026-08-14 22:03:48.223003,2026-08-15 01:24:21.122007,03:20:32,2026-08-14
2026-08-25 18:29:27.617956,2026-08-25 18:39:12.423357,2026-08-26 03:19:51.646266,08:40:39,2026-08-25 19:52:53.725180,2026-08-26 03:28:18.083141,07:35:24,2026-08-25 22:31:38.053835,2026-08-26 03:34:42.994796,05:03:04,2026-08-25
2026-09-01 18:23:54.219237,2026-09-01 18:58:05.541773,2026-09-02 03:35:29.218991,08:37:23,2026-09-01 23:49:41.868425,2026-09-02 05:08:11.622212,05:18:29,2026-09-01 20:11:14.056710,2026-09-02 05:07:23.974965,08:56:09,2026-09-01
2026-08-26 18:29:35.488039,2026-08-26 18:50:42.808825,2026-08-27 01:21:06.458817,06:30:23,2026-08-26 19:53:29.048699,2026-08-27 02:11:18.916640,06:17:49,2026-08-26 19:03:14.955915,2026-08-27 02:17:53.845716,07:14:38,2026-08-26
2026-08-27 18:24:42.842935,2026-08-27 18:26:55.228407,2026-08-28 00:24:33.493179,05:57:38,2026-08-27 20:11:26.012097,2026-08-28 01:34:07.901879,05:22:41,2026-08-27 20:11:49.604098,2026-08-28 01:38:43.139641,05:26:53,2026-08-27
2026-08-28 15:48:18.464259,2026-08-28 16:07:50.360038,2026-08-28 16:14:38.401641,00:06:48,2026-08-28 16:16:12.068442,2026-08-28 16:19:56.591249,00:03:44,2026-08-28 16:20:12.432202,2026-08-28 16:20:36.760471,00:00:24,2026-08-28
2026-08-28 16:46:56.321360,2026-08-28 17:05:39.285624,2026-08-28 17:08:10.784677,00:02:31,2026-08-28 17:13:07.642416,2026-08-28 17:13:48.233507,00:00:40,2026-08-28 17:33:15.366646,2026-08-28 17:33:50.876377,00:00:35,2026-08-28
2026-09-02 18:52:13.668856,2026-09-02 19:11:06.020972,2026-09-03 04:18:09.585748,09:07:03,2026-09-03 03:42:39.889697,2026-09-03 20:12:30.970918,16:29:51,2026-09-02 22:22:16.085744,2026-09-03 20:13:35.287284,21:51:19,2026-09-02
2026-09-02 10:52:30.670271,2026-09-02 10:55:58.286288,2026-09-03 15:45:11.252316,04:49:12,2026-09-03 15:46:41.135753,2026-09-04 08:04:59.001708,16:18:17,2026-09-04 09:00:55.640679,2026-09-04 09:07:17.494825,00:06:21,2026-09-02
2026-09-04 18:33:10.948536,2026-09-04 18:41:24.258900,2026-09-05 02:59:32.467032,08:18:08,2026-09-04 22:44:19.772368,2026-09-05 03:18:50.103963,04:34:30,2026-09-04 19:37:35.806938,2026-09-05 03:18:08.899632,07:40:33,2026-09-04
2026-09-03 18:56:36.728631,2026-09-03 20:27:08.088520,2026-09-04 05:13:21.431478,08:46:13,2026-09-04 01:13:02.115687,2026-09-04 06:21:23.538958,05:08:21,2026-09-03 20:43:14.992378,2026-09-04 06:20:32.865888,09:37:17,2026-09-03
2026-09-03 17:22:09.404832,2026-09-04 07:51:50.785206,2026-09-04 08:42:58.534571,00:51:07,2026-09-04 07:52:34.744534,2026-09-04 08:41:39.525538,00:49:04,2026-09-04 09:35:51.765520,2026-09-04 09:36:33.768212,00:00:42,2026-09-03
2026-09-05 11:04:12.191953,,,,,,,,,,2026-09-05
2026-09-09 18:44:38.460873,2026-09-09 18:53:28.200651,2026-09-10 01:05:48.489727,06:12:20,2026-09-09 23:27:08.034788,2026-09-10 01:55:28.126933,02:28:20,2026-09-09 20:40:14.909380,2026-09-10 00:49:12.622932,04:08:57,2026-09-09
2026-09-08 16:57:30.452011,,,,,,,,,,2026-09-08
2026-09-10 18:44:30.010131,2026-09-10 19:28:25.723301,2026-09-11 01:24:29.849118,05:56:04,2026-09-10 23:01:33.786458,2026-09-11 02:22:23.792149,03:20:50,2026-09-10 19:56:27.978778,2026-09-10 22:51:13.741718,02:54:45,2026-09-10
2026-09-14 19:43:39.378148,2026-09-14 19:47:32.683736,2026-09-15 02:24:00.244857,06:36:27,2026-09-15 00:02:42.008083,2026-09-15 03:58:51.774687,03:56:09,2026-09-15 01:10:01.377877,2026-09-15 04:01:26.889900,02:51:25,2026-09-14
2026-09-11 18:21:39.960646,2026-09-11 18:25:07.792995,2026-09-11 22:42:28.691018,04:17:20,2026-09-11 20:24:22.142999,2026-09-11 23:12:37.820728,02:48:15,2026-09-11 19:33:09.004928,2026-09-11 20:21:41.711293,00:48:32,2026-09-11
2026-09-16 18:46:19.843269,2026-09-16 19:44:08.110217,2026-09-17 02:56:24.306274,07:12:16,2026-09-16 20:01:18.396528,2026-09-17 03:19:39.077164,07:18:20,2026-09-17 00:11:20.498884,2026-09-17 03:23:39.720384,03:12:19,2026-09-16
2026-09-17 18:54:11.036215,2026-09-17 19:05:02.473694,2026-09-17 23:21:42.475607,04:16:40,2026-09-17 19:32:55.113776,2026-09-17 23:42:38.958460,04:09:43,2026-09-17 22:40:21.682659,2026-09-17 23:46:06.272465,01:05:44,2026-09-17
2026-09-18 18:23:12.404031,2026-09-18 18:34:06.257263,2026-09-18 21:47:17.668396,03:13:11,2026-09-18 19:51:40.227050,2026-09-18 22:36:19.343409,02:44:39,2026-09-18 18:48:02.835111,2026-09-18 22:34:21.860028,03:46:19,2026-09-18
2026-09-21 18:31:27.074048,2026-09-21 18:36:26.295337,2026-09-22 04:23:28.873362,09:47:02,2026-09-21 19:21:22.714813,2026-09-22 04:33:52.075103,09:12:29,2026-09-21 23:32:41.268900,2026-09-22 04:35:12.252565,05:02:30,2026-09-21
2026-09-21 18:19:52.312453,2026-09-22 06:15:03.241329,2026-09-22 07:37:54.767171,01:22:51,2026-09-22 07:14:31.907195,2026-09-22 08:04:57.678318,00:50:25,2026-09-22 07:34:14.407405,2026-09-22 08:27:54.964133,00:53:40,2026-09-21
2026-09-22 18:41:23.796352,2026-09-22 18:45:20.954635,2026-09-23 00:44:43.133355,05:59:22,2026-09-22 19:11:26.262886,2026-09-23 00:49:21.479044,05:37:55,2026-09-22 22:35:22.154092,2026-09-23 00:49:24.206980,02:14:02,2026-09-22
2026-09-22 18:58:44.853500,2026-09-23 06:04:16.476589,2026-09-23 07:29:14.728643,01:24:58,2026-09-23 06:22:25.928198,2026-09-23 07:47:54.756902,01:25:28,2026-09-23 06:21:14.358551,2026-09-23 08:02:45.559240,01:41:31,2026-09-22
2026-09-23 18:43:31.974654,2026-09-23 18:51:57.669486,2026-09-24 01:08:41.975012,06:16:44,2026-09-23 19:21:56.796189,2026-09-24 01:12:24.472658,05:50:27,2026-09-23 20:46:04.673605,2026-09-24 01:13:25.130181,04:27:20,2026-09-23
2026-09-23 19:05:07.304586,2026-09-24 06:05:04.341644,2026-09-24 07:51:13.199327,01:46:08,2026-09-24 06:26:51.607939,2026-09-24 08:02:44.004007,01:35:52,2026-09-24 06:26:11.792912,2026-09-24 08:08:33.736119,01:42:21,2026-09-23
2026-09-25 06:09:43.979501,2026-09-25 06:11:00.152261,2026-09-26 07:17:52.316988,01:06:52,2026-09-25 06:48:32.930606,2026-09-26 07:34:30.449030,00:45:57,2026-09-25 06:45:36.558595,2026-09-26 08:11:25.128231,01:25:48,2026-09-25
2026-09-24 18:36:02.199920,2026-09-24 18:46:07.696461,2026-09-25 01:02:29.380569,06:16:21,2026-09-24 18:58:17.328380,2026-09-25 01:05:11.241174,06:06:53,2026-09-24 20:01:39.311983,2026-09-25 01:06:16.679014,05:04:37,2026-09-24
2026-09-25 18:29:27.266492,2026-09-25 18:56:21.438463,2026-09-25 23:33:45.738032,04:37:24,2026-09-25 19:31:08.259045,2026-09-25 23:37:55.513194,04:06:47,2026-09-25 20:14:59.881211,2026-09-25 23:40:18.321131,03:25:18,2026-09-25
2026-09-28 19:17:00.074901,2026-09-28 19:24:36.297363,2026-09-29 02:27:33.694598,07:02:57,2026-09-28 20:29:05.581489,2026-09-29 02:37:24.481195,06:08:18,2026-09-28 23:23:29.738888,2026-09-29 02:38:37.797643,03:15:08,2026-09-28
2026-10-05 18:53:55.648127,2026-10-05 18:54:46.498593,2026-10-06 01:26:13.132899,06:31:26,2026-10-05 20:07:58.856512,2026-10-06 01:49:26.821870,05:41:27,2026-10-05 20:49:58.862005,2026-10-06 01:59:05.528323,05:09:06,2026-10-05
2026-09-28 19:11:20.380243,2026-09-29 06:18:08.994228,2026-09-29 10:12:04.732665,03:53:55,2026-09-29 06:40:48.395426,2026-09-29 10:15:08.125863,03:34:19,2026-09-29 07:15:49.830526,2026-09-29 10:14:24.406162,02:58:34,2026-09-28
2026-10-05 19:28:26.419569,2026-10-06 06:08:14.779518,2026-10-06 07:52:37.867789,01:44:23,2026-10-06 06:24:36.727985,2026-10-06 08:13:08.344979,01:48:31,2026-10-06 06:40:13.531649,2026-10-06 08:55:46.377139,02:15:32,2026-10-05
2026-10-06 06:06:32.030871,2026-10-06 06:10:56.920958,2026-10-06 08:47:30.812757,02:36:33,2026-10-06 06:24:08.651486,2026-10-06 09:15:24.194289,02:51:15,2026-10-06 08:00:43.113143,2026-10-06 09:19:25.583583,01:18:42,2026-10-06
2026-09-29 18:35:19.642169,2026-09-29 18:48:28.550596,2026-09-30 03:41:02.040235,08:52:33,2026-09-29 18:57:43.284022,2026-09-30 03:42:13.150517,08:44:29,2026-09-29 23:55:07.349266,2026-09-30 03:42:55.521558,03:47:48,2026-09-29
2026-09-29 06:10:41.808181,2026-09-29 06:17:31.066783,2026-09-29 07:51:45.313255,01:34:14,2026-09-29 06:39:21.265882,2026-09-29 08:01:15.182774,01:21:53,2026-09-29 08:02:11.994669,2026-09-29 08:03:34.743929,00:01:22,2026-09-29
2026-09-30 06:07:39.981055,2026-09-30 06:24:01.618388,2026-09-30 08:43:59.721352,02:19:58,2026-09-30 06:45:14.121715,2026-09-30 08:46:39.315909,02:01:25,2026-09-30 06:25:44.612297,2026-09-30 09:48:47.599472,03:23:02,2026-09-30
2026-09-29 16:39:13.807859,2026-09-30 06:19:32.788411,2026-09-30 11:28:55.513806,05:09:22,2026-09-30 06:37:21.188665,2026-09-30 11:33:17.949430,04:55:56,2026-09-30 06:36:45.082914,2026-09-30 11:32:21.233422,04:55:36,2026-09-29
2026-09-29 20:59:58.210601,2026-09-30 21:05:44.052288,2026-10-01 04:20:38.228694,07:14:54,2026-10-01 00:51:53.459564,2026-10-01 05:24:38.566988,04:32:45,2026-09-30 21:40:40.398670,2026-10-01 05:26:26.281502,07:45:45,2026-09-29
2026-10-06 09:33:26.781795,2026-10-06 14:22:43.470746,2026-10-06 14:49:19.946833,00:26:36,2026-10-06 14:35:31.688879,2026-10-06 15:08:06.808944,00:32:35,2026-10-06 14:42:16.049062,2026-10-06 15:56:58.709704,01:14:42,2026-10-06
2026-10-01 06:09:23.474431,2026-10-01 06:12:23.889855,2026-10-01 08:24:12.908360,02:11:49,2026-10-01 07:00:08.089559,2026-10-01 08:44:12.539707,01:44:04,2026-10-01 08:18:53.036380,2026-10-01 09:01:31.542597,00:42:38,2026-10-01
2026-09-30 17:43:13.450422,2026-10-01 06:25:44.497183,2026-10-01 11:13:03.021746,04:47:18,2026-10-01 06:55:54.386334,2026-10-01 11:21:45.255346,04:25:50,2026-10-01 06:41:01.709073,2026-10-01 11:21:58.830432,04:40:57,2026-09-30
2026-10-01 09:35:22.904850,2026-10-01 09:39:35.563118,2026-10-01 16:10:56.787614,06:31:21,2026-10-01 14:24:43.144454,2026-10-01 16:25:10.430971,02:00:27,2026-10-01 15:25:36.687041,2026-10-01 16:31:32.856814,01:05:56,2026-10-01
2026-10-06 20:41:54.442563,,,,,,,,,,2026-10-06
2026-10-01 18:27:46.397553,2026-10-01 18:40:38.027421,2026-10-02 03:58:53.236099,09:18:15,2026-10-02 00:28:34.903081,2026-10-02 05:41:19.508433,05:12:44,2026-10-01 23:46:01.893004,2026-10-02 05:40:17.883129,05:54:15,2026-10-01
2026-10-02 06:02:58.063952,2026-10-02 06:05:24.858041,2026-10-02 07:26:35.063565,01:21:10,2026-10-02 06:33:48.330460,2026-10-02 07:33:10.611106,00:59:22,2026-10-02 07:20:41.254467,2026-10-02 07:34:18.755944,00:13:37,2026-10-02
2026-10-06 18:53:31.080719,2026-10-06 19:11:58.554328,2026-10-07 01:14:15.896751,06:02:17,2026-10-06 22:57:08.602499,2026-10-07 02:06:47.582951,03:09:38,2026-10-06 23:18:03.619205,2026-10-07 02:16:43.934692,02:58:40,2026-10-06
2026-10-01 16:25:08.914543,2026-10-02 06:22:30.098575,2026-10-02 11:57:06.681509,05:34:36,2026-10-02 06:43:57.766384,2026-10-02 12:01:21.140000,05:17:23,2026-10-02 06:47:45.685094,2026-10-02 12:00:44.871031,05:12:59,2026-10-01
2026-10-06 15:17:00.560833,2026-10-06 15:17:37.904377,2026-10-07 07:37:27.722884,16:19:49,2026-10-06 15:28:51.639638,2026-10-07 07:54:30.148038,16:25:38,2026-10-06 15:49:55.367575,2026-10-07 07:54:50.863336,16:04:55,2026-10-06
2026-10-02 18:27:19.641089,2026-10-02 18:35:24.994194,2026-10-03 00:44:22.779391,06:08:57,2026-10-03 00:00:13.807402,2026-10-03 03:07:03.886929,03:06:50,2026-10-02 18:43:47.634146,2026-10-03 03:05:53.630073,08:22:05,2026-10-02
2026-10-03 06:07:37.773992,2026-10-03 06:08:38.384593,2026-10-03 07:26:37.307382,01:17:58,2026-10-03 06:30:13.214477,2026-10-03 07:35:43.032318,01:05:29,2026-10-03 06:59:04.439674,2026-10-03 07:39:51.574721,00:40:47,2026-10-03
2026-10-02 18:23:35.019877,2026-10-03 06:17:26.250472,2026-10-03 09:02:19.886507,02:44:53,2026-10-03 06:32:52.170649,2026-10-03 09:15:30.572957,02:42:38,2026-10-03 06:59:50.408095,2026-10-03 09:13:17.644810,02:13:27,2026-10-02
2026-10-06 18:54:24.524727,2026-10-07 06:06:39.983633,2026-10-07 08:05:24.534359,01:58:44,2026-10-07 06:17:10.958485,2026-10-07 08:28:07.797750,02:10:56,2026-10-07 06:27:20.021515,2026-10-07 08:24:14.585406,01:56:54,2026-10-06
2026-10-03 14:08:31.841012,2026-10-05 06:25:56.663336,2026-10-05 11:39:28.553426,05:13:31,2026-10-05 06:37:27.892016,2026-10-05 11:42:31.439961,05:05:03,2026-10-05 06:33:08.299967,2026-10-05 11:42:43.132931,05:09:34,2026-10-03
2026-10-07 07:59:14.490015,2026-10-07 08:15:41.393750,2026-10-07 10:06:45.593797,01:51:04,2026-10-07 08:22:37.476765,2026-10-07 10:15:56.911579,01:53:19,2026-10-07 08:25:00.833528,2026-10-07 10:15:14.295926,01:50:13,2026-10-07
2026-10-07 06:06:23.213799,2026-10-07 06:09:59.459326,2026-10-07 09:14:22.356630,03:04:22,2026-10-07 06:38:24.086327,2026-10-07 10:25:13.608274,03:46:49,2026-10-07 06:52:01.510541,2026-10-07 10:37:16.598342,03:45:15,2026-10-07
2026-10-07 19:00:00.070504,2026-10-07 19:22:08.660394,2026-10-08 02:53:50.743647,07:31:42,2026-10-08 00:01:42.268048,2026-10-08 03:16:40.111102,03:14:57,2026-10-07 23:32:26.310494,2026-10-08 03:25:26.887027,03:53:00,2026-10-07
2026-10-08 06:07:04.280182,2026-10-08 06:14:12.400342,2026-10-08 07:57:13.283074,01:43:00,2026-10-08 06:55:52.020682,2026-10-08 07:45:21.254871,00:49:29,2026-10-08 07:08:12.376206,2026-10-08 07:08:15.832635,00:00:03,2026-10-08
2026-10-08 06:13:23.042734,2026-10-08 06:14:25.872583,2026-10-08 07:42:56.332512,01:28:30,2026-10-08 06:25:02.844043,2026-10-08 07:53:23.518128,01:28:20,2026-10-08 06:47:00.485406,2026-10-08 07:52:07.299410,01:05:06,2026-10-08
2026-10-08 06:15:34.661176,2026-10-08 06:19:27.643530,2026-10-08 07:59:31.010819,01:40:03,2026-10-08 06:33:13.432942,2026-10-08 08:01:01.454706,01:27:48,2026-10-08 06:33:34.982158,2026-10-08 08:01:19.907787,01:27:44,2026-10-08
