delivery_date,caixas_corretas,caixas_erradas
2026-01-09,112.0,0
2026-01-13,374.0,0
2026-01-21,2268.0,0
2026-01-22,8409.0,60
2026-01-23,2733.0,13
2026-01-27,4943.0,2
2026-01-28,4605.0,0
2026-01-29,4512.0,5
2026-01-30,3656.0,0
2026-02-02,5377.0,0
2026-02-03,4471.0,24
2026-02-04,5386.0,24
2026-02-05,7432.0,52
2026-02-06,2983.0,2
2026-02-09,8651.0,2
2026-02-12,2171.0,0
2026-02-23,3317.0,0
2026-02-24,4682.0,8
2026-08-11,2341.0,0
2026-08-12,1909.0,15
2026-08-13,2649.0,12
2026-08-14,5277.0,14
2026-08-17,8657.0,6
2026-08-18,2311.0,14
2026-08-19,3328.0,2
2026-08-20,6011.0,41
2026-08-21,6656.0,23
2026-08-24,11303.0,22
2026-08-25,16447.0,49
2026-08-26,9552.0,12
2026-08-27,9655.0,21
2026-08-28,7576.0,2
2026-08-31,15440.0,19
2026-09-01,13072.0,46
2026-09-02,4063.0,9
2026-09-03,5934.0,12
2026-09-04,3552.0,3
2026-09-05,1175.0,7
2026-09-09,9502.0,50
2026-09-10,7378.0,9
2026-09-11,5208.0,0
2026-09-14,9406.0,0
2026-09-16,8143.0,1
2026-09-17,5502.0,4
2026-09-18,5946.0,0
2026-09-21,15437.0,12
2026-09-22,12212.0,16
2026-09-23,10820.0,51
2026-09-24,11060.0,3
2026-09-25,6926.0,23
2026-09-28,23495.0,22
2026-09-29,18005.0,35
2026-09-30,24205.0,130
2026-10-01,7836.0,53
2026-10-02,7889.0,5
2026-10-05,5197.0,19
