INÍCIO DA OPERAÇÃO,INÍCIO DO INTERVALO,FIM DO INTERVALO,FIM DA OPERAÇÃO,ULTIMO EMPILHAMENTO,DURAÇÃO,data_operacao
2026-08-28 18:56:33.615482,2026-08-28 21:00:00,2026-08-28 22:00:00,2026-08-29 00:42:05.449821,2026-08-29 00:41:37.695938,04:45:31,2026-08-28
2026-02-03 19:38:01.131692,2026-02-03 22:00:00,2026-02-03 23:00:00,2026-02-04 02:15:00.000000,2026-02-04 02:54:25.876894,05:36:58,2026-02-03
2026-08-17 18:43:44.576420,2026-08-17 21:00:00,2026-08-17 22:01:00,2026-08-18 04:23:00.000000,2026-08-18 04:37:44.087344,08:38:15,2026-08-17
2026-01-05 19:23:28.714160,,,2026-01-05 18:48:00.000000,,00:-35:-28,2026-01-05
2026-01-07 19:08:39.352460,,,2026-01-07 23:27:00.000000,,04:18:20,2026-01-07
2026-02-04 19:53:35.179895,2026-02-04 21:00:00,2026-02-04 22:00:00,2026-02-05 02:24:19.332419,2026-02-05 02:22:19.657449,05:30:44,2026-02-04
2026-01-06 21:35:58.483554,,,2026-01-08 23:36:00.000000,,02:00:01,2026-01-06
2026-01-09 18:35:15.504934,,,2026-01-09 19:08:27.969927,2026-01-09 19:04:50.755772,00:33:12,2026-01-09
2026-01-13 18:23:36.475529,,,2026-01-13 19:38:37.533513,2026-01-13 19:37:37.663513,01:15:01,2026-01-13
2026-02-05 18:02:58.604584,2026-02-05 21:00:00,2026-02-05 22:00:00,2026-02-06 03:23:14.012706,2026-02-06 03:22:54.819014,08:20:15,2026-02-05
,,,2026-01-14 18:19:00.000000,,,
2026-01-21 18:23:27.626309,2026-01-21 21:00:00,2026-01-21 22:00:00,2026-01-21 23:24:09.331485,2026-01-21 23:18:40.038851,04:00:41,2026-01-21
2026-02-06 20:03:42.263027,2026-02-06 22:00:00,2026-02-06 23:00:00,2026-02-07 00:20:00.000000,2026-02-07 00:28:00.371305,03:16:17,2026-02-06
2026-01-22 18:25:59.941777,2026-01-22 21:01:00,2026-01-22 22:01:00,2026-01-23 05:19:08.904779,2026-01-23 05:18:14.632065,09:53:08,2026-01-22
2026-08-18 18:35:55.484823,2026-08-18 21:00:00,2026-08-18 22:00:00,2026-08-19 00:47:03.931500,2026-08-19 00:46:25.021977,05:11:08,2026-08-18
2026-01-23 16:05:06.010440,2026-01-23 21:00:00,2026-01-23 22:00:00,2026-01-23 23:35:00.000000,2026-01-23 23:40:29.886860,06:29:53,2026-01-23
,,,2026-01-26 19:10:00.000000,,,
2026-02-12 19:35:37.457235,2026-02-12 21:00:00,2026-02-12 22:00:00,2026-02-12 23:00:00.000000,2026-02-13 00:42:30.481413,02:24:22,2026-02-12
2026-02-09 19:21:04.657589,2026-02-09 21:00:00,2026-02-09 22:00:00,2026-02-10 06:00:00.000000,2026-02-10 06:18:14.610188,09:38:55,2026-02-09
2026-08-19 18:47:07.306584,2026-08-19 21:00:00,2026-08-19 22:00:00,2026-08-20 01:38:00.000000,2026-08-20 01:52:44.883007,05:50:52,2026-08-19
2026-01-28 19:18:49.068160,,,2026-01-29 01:30:00.000000,2026-01-29 02:20:26.654140,06:11:10,2026-01-28
2026-02-23 19:17:33.007605,2026-02-23 21:00:00,2026-02-23 22:00:00,2026-02-24 04:00:00.000000,2026-02-24 03:59:59.804273,07:42:26,2026-02-23
2026-01-27 19:22:14.085040,,,2026-01-28 01:47:50.130120,2026-01-28 01:47:03.057169,06:25:36,2026-01-27
,,,2026-09-04 10:06:00.000000,,,
2026-01-29 19:20:55.318709,,,2026-01-30 00:30:00.000000,2026-01-30 00:52:48.800302,05:09:04,2026-01-29
2026-08-20 18:49:15.393371,2026-08-20 21:00:00,2026-08-20 22:00:00,2026-08-21 01:50:25.493735,2026-08-21 01:49:16.688868,06:01:10,2026-08-20
2026-01-30 18:18:31.263876,,,2026-01-30 22:00:00.000000,2026-01-31 00:22:14.071555,03:41:28,2026-01-30
2026-02-24 19:30:53.867178,2026-02-24 21:00:00,2026-02-24 22:00:00,2026-02-25 02:17:00.000000,2026-02-25 02:22:49.775106,05:46:06,2026-02-24
2026-02-02 18:43:17.109799,,,2026-02-02 21:52:22.346383,2026-02-02 21:52:09.007377,03:09:05,2026-02-02
2026-03-05 19:06:39.634405,,,2026-03-05 18:49:00.000000,,00:-17:-39,2026-03-05
2026-08-31 22:26:17.765958,,,2026-09-01 05:39:04.118966,2026-09-01 05:37:27.539618,07:12:46,2026-08-31
,2026-08-03 21:00:00,2026-08-03 22:00:00,2026-08-03 22:28:00.000000,,,
2026-08-21 18:33:19.140158,2026-08-21 21:00:00,2026-08-21 22:00:00,2026-08-22 00:20:47.926099,2026-08-22 00:19:07.456985,04:47:28,2026-08-21
2026-08-11 18:45:28.478939,2026-08-11 21:00:00,2026-08-11 22:00:00,2026-08-12 03:26:00.000000,2026-08-12 03:35:28.602808,07:40:31,2026-08-11
2026-08-12 18:43:28.159431,2026-08-12 21:00:00,2026-08-12 22:00:00,2026-08-13 02:27:00.000000,2026-08-13 02:39:19.335317,06:43:31,2026-08-12
2026-08-13 18:40:09.724853,2026-08-13 21:00:00,2026-08-13 22:00:00,2026-08-14 00:44:00.000000,2026-08-14 00:47:59.719761,05:03:50,2026-08-13
2026-08-31 16:58:38.454085,,,2026-09-01 17:11:04.519648,2026-09-01 17:08:22.434815,00:12:26,2026-08-31
2026-08-24 18:41:06.507544,2026-08-24 20:00:00,2026-08-24 22:00:00,2026-08-25 01:54:34.661130,2026-08-25 01:52:27.535543,05:13:28,2026-08-24
2026-08-14 18:43:15.165461,,,2026-08-15 01:07:00.000000,2026-08-15 01:24:21.122007,06:23:44,2026-08-14
2026-08-25 18:29:27.617956,2026-08-25 21:00:00,2026-08-25 22:00:00,2026-08-26 03:35:18.137681,2026-08-26 03:34:42.994796,08:05:50,2026-08-25
2026-09-01 18:23:54.219237,2026-09-01 21:00:00,2026-09-01 22:00:00,2026-09-02 05:08:32.312715,2026-09-02 05:07:23.974965,09:44:38,2026-09-01
2026-08-26 18:29:35.488039,2026-08-26 21:00:00,2026-08-26 22:00:00,2026-08-27 02:18:59.928507,2026-08-27 02:17:53.845716,06:49:24,2026-08-26
2026-08-27 18:24:42.842935,2026-08-27 21:00:00,2026-08-27 22:00:00,2026-08-28 01:40:15.348552,2026-08-28 01:38:43.139641,06:15:32,2026-08-27
2026-08-28 15:48:18.464259,,,,2026-08-28 16:20:36.760471,,2026-08-28
2026-08-28 16:46:56.321360,,,2026-08-28 17:34:30.531213,2026-08-28 17:33:50.876377,00:47:34,2026-08-28
,,,,,,
2026-09-02 18:52:13.668856,2026-09-02 21:00:00,2026-09-02 22:00:00,2026-09-03 05:08:00.000000,2026-09-03 20:13:35.287284,09:15:46,2026-09-02
2026-09-02 10:52:30.670271,,,2026-09-03 17:22:00.000000,2026-09-04 09:07:17.494825,06:29:29,2026-09-02
2026-09-04 18:33:10.948536,2026-09-04 21:00:00,2026-09-04 22:00:00,2026-09-05 03:18:32.889793,2026-09-05 03:18:08.899632,07:45:21,2026-09-04
2026-09-03 18:56:36.728631,2026-09-03 21:00:00,2026-09-03 22:00:00,2026-09-04 06:21:27.947864,2026-09-04 06:20:32.865888,10:24:51,2026-09-03
2026-09-03 17:22:09.404832,,,2026-09-04 07:46:00.000000,2026-09-04 09:36:33.768212,14:23:50,2026-09-03
2026-09-05 11:04:12.191953,,,2026-09-08 06:33:00.000000,,19:28:47,2026-09-05
2026-09-09 18:44:38.460873,2026-09-09 21:00:00,2026-09-09 22:00:00,2026-09-10 02:00:00.000000,2026-09-10 00:49:12.622932,06:15:21,2026-09-09
,,,2026-09-08 17:33:00.000000,,,
2026-09-08 16:57:30.452011,,,2026-09-08 17:13:00.000000,,00:15:29,2026-09-08
2026-09-10 18:44:30.010131,2026-09-10 21:00:00,2026-09-10 22:00:00,2026-09-11 02:28:00.000000,2026-09-10 22:51:13.741718,06:43:29,2026-09-10
2026-09-14 19:43:39.378148,2026-09-14 21:00:00,2026-09-14 22:00:00,2026-09-15 04:01:56.129155,2026-09-15 04:01:26.889900,07:18:16,2026-09-14
2026-09-11 18:21:39.960646,2026-09-11 21:00:00,2026-09-11 22:00:00,2026-09-11 23:43:00.000000,2026-09-11 20:21:41.711293,04:21:20,2026-09-11
2026-09-16 18:46:19.843269,2026-09-16 21:00:00,2026-09-16 22:00:00,2026-09-17 03:24:26.140319,2026-09-17 03:23:39.720384,07:38:06,2026-09-16
2026-09-17 18:54:11.036215,2026-09-17 21:00:00,2026-09-17 22:00:00,2026-09-17 23:46:25.019502,2026-09-17 23:46:06.272465,03:52:13,2026-09-17
2026-09-18 18:23:12.404031,,,2026-09-18 22:36:23.905722,2026-09-18 22:34:21.860028,04:13:11,2026-09-18
2026-09-21 18:31:27.074048,2026-09-21 21:00:00,2026-09-21 22:00:00,2026-09-22 04:35:28.791685,2026-09-22 04:35:12.252565,09:04:01,2026-09-21
2026-09-21 18:19:52.312453,,,2026-09-22 07:44:00.000000,2026-09-22 08:27:54.964133,13:24:07,2026-09-21
2026-09-22 18:41:23.796352,2026-09-22 21:00:00,2026-09-22 22:00:00,2026-09-23 00:49:27.720747,2026-09-23 00:49:24.206980,05:08:03,2026-09-22
2026-09-22 18:58:44.853500,,,2026-09-23 07:23:00.000000,2026-09-23 08:02:45.559240,12:24:15,2026-09-22
2026-09-23 18:43:31.974654,2026-09-23 21:00:00,2026-09-23 22:00:00,2026-09-24 01:10:00.000000,2026-09-24 01:13:25.130181,05:26:28,2026-09-23
2026-09-23 19:05:07.304586,,,2026-09-24 07:55:00.000000,2026-09-24 08:08:33.736119,12:49:52,2026-09-23
2026-09-25 06:09:43.979501,,,2026-09-25 07:47:00.000000,2026-09-26 08:11:25.128231,01:37:16,2026-09-25
,,,2026-09-09 14:26:00.000000,,,
2026-09-24 18:36:02.199920,2026-09-24 21:00:00,2026-09-24 21:00:00,2026-09-25 01:05:00.000000,2026-09-25 01:06:16.679014,06:28:57,2026-09-24
2026-09-25 18:29:27.266492,2026-09-25 21:00:00,2026-09-25 22:00:00,2026-09-25 23:40:00.000000,2026-09-25 23:40:18.321131,04:10:32,2026-09-25
2026-09-28 19:17:00.074901,2026-09-28 21:00:00,2026-09-28 22:00:00,2026-09-29 02:35:00.000000,2026-09-29 02:38:37.797643,06:17:59,2026-09-28
2026-10-05 18:53:55.648127,2026-10-05 21:00:00,2026-10-05 22:00:00,2026-10-06 02:01:59.849332,2026-10-06 01:59:05.528323,06:08:04,2026-10-05
2026-09-28 19:11:20.380243,,,2026-09-29 10:15:13.255686,2026-09-29 10:14:24.406162,15:03:52,2026-09-28
2026-10-08 13:21:54.920188,,,2026-10-08 15:32:20.901192,2026-10-08 15:32:08.949382,02:10:25,2026-10-08
2026-10-05 19:28:26.419569,,,2026-10-06 07:47:00.000000,2026-10-06 08:55:46.377139,12:18:33,2026-10-05
2026-10-06 06:06:32.030871,,,2026-10-06 09:20:47.077979,2026-10-06 09:19:25.583583,03:14:15,2026-10-06
2026-09-29 18:35:19.642169,2026-09-29 21:00:00,2026-09-29 22:00:00,2026-09-30 03:44:01.139335,2026-09-30 03:42:55.521558,08:08:41,2026-09-29
2026-09-29 06:10:41.808181,,,2026-09-29 07:19:00.000000,2026-09-29 08:03:34.743929,01:08:18,2026-09-29
,,,2026-10-06 09:12:00.000000,,,
2026-09-30 06:07:39.981055,,,2026-09-30 09:49:37.902147,2026-09-30 09:48:47.599472,03:41:57,2026-09-30
2026-09-29 16:39:13.807859,,,2026-09-30 11:33:23.514013,2026-09-30 11:32:21.233422,18:54:09,2026-09-29
2026-10-09 06:04:29.901540,,,2026-10-09 08:07:20.773029,2026-10-09 07:08:26.015264,02:02:50,2026-10-09
2026-09-29 20:59:58.210601,2026-09-30 21:00:00,2026-09-30 22:00:00,2026-10-01 05:27:31.823628,2026-10-01 05:26:26.281502,07:27:33,2026-09-29
2026-10-06 09:33:26.781795,,,2026-10-06 15:10:00.000000,2026-10-06 15:56:58.709704,05:36:33,2026-10-06
2026-10-01 06:09:23.474431,,,2026-10-01 09:02:30.613770,2026-10-01 09:01:31.542597,02:53:07,2026-10-01
2026-09-30 17:43:13.450422,,,2026-10-01 11:22:07.950962,2026-10-01 11:21:58.830432,17:38:54,2026-09-30
2026-10-01 09:35:22.904850,,,2026-10-01 16:34:00.000000,2026-10-01 16:31:32.856814,06:58:37,2026-10-01
2026-10-06 20:41:54.442563,,,,,,2026-10-06
2026-10-01 18:27:46.397553,2026-10-01 21:00:00,2026-10-01 22:00:00,2026-10-02 05:41:42.124945,2026-10-02 05:40:17.883129,10:13:55,2026-10-01
2026-10-02 06:02:58.063952,,,2026-10-02 07:35:18.548825,2026-10-02 07:34:18.755944,01:32:20,2026-10-02
2026-10-06 18:53:31.080719,2026-10-06 21:00:00,2026-10-06 22:00:00,2026-10-07 02:16:55.997155,2026-10-07 02:16:43.934692,06:23:24,2026-10-06
2026-10-01 16:25:08.914543,,,2026-10-02 11:40:00.000000,2026-10-02 12:00:44.871031,19:14:51,2026-10-01
2026-10-06 15:17:00.560833,,,2026-10-07 07:54:59.489200,2026-10-07 07:54:50.863336,16:37:58,2026-10-06
2026-10-02 18:27:19.641089,2026-10-02 21:00:00,2026-10-02 22:00:00,2026-10-03 03:07:14.825149,2026-10-03 03:05:53.630073,07:39:55,2026-10-02
2026-10-03 06:07:37.773992,,,2026-10-03 07:41:59.071663,2026-10-03 07:39:51.574721,01:34:21,2026-10-03
2026-10-09 06:07:47.411711,,,2026-10-09 08:42:54.551538,2026-10-09 11:10:09.452196,02:35:07,2026-10-09
2026-10-02 18:23:35.019877,,,2026-10-03 09:15:00.000000,2026-10-03 09:13:17.644810,14:51:24,2026-10-02
2026-10-06 18:54:24.524727,,,2026-10-07 08:25:00.000000,2026-10-07 08:24:14.585406,13:30:35,2026-10-06
2026-10-03 14:08:31.841012,,,2026-10-05 11:40:00.000000,2026-10-05 11:42:43.132931,21:31:28,2026-10-03
2026-10-09 21:28:48.790862,,,,,,2026-10-09
2026-10-07 07:59:14.490015,,,2026-10-07 10:16:22.642882,2026-10-07 10:15:14.295926,02:17:08,2026-10-07
2026-10-07 06:06:23.213799,,,2026-10-07 10:41:20.742720,2026-10-07 10:37:16.598342,04:34:57,2026-10-07
2026-10-09 18:36:37.351279,2026-10-09 21:00:00,2026-10-09 22:00:00,2026-10-10 01:20:54.946480,2026-10-10 01:20:45.766916,05:44:17,2026-10-09
2026-10-07 19:00:00.070504,2026-10-07 21:00:00,2026-10-07 22:00:00,2026-10-08 03:25:36.958349,2026-10-08 03:25:26.887027,07:25:36,2026-10-07
2026-10-08 06:13:23.042734,,,2026-10-08 07:48:00.000000,2026-10-08 07:52:07.299410,01:34:36,2026-10-08
2026-10-09 09:39:47.347960,,,2026-10-09 17:00:00.000000,2026-10-09 17:04:28.467501,07:20:12,2026-10-09
2026-10-08 06:15:34.661176,,,2026-10-08 10:58:57.921012,2026-10-08 10:58:32.474175,04:43:23,2026-10-08
2026-10-09 10:11:07.122284,,,,2026-10-10 08:59:57.594525,,2026-10-09
2026-10-08 06:07:04.280182,,,2026-10-08 10:07:38.182556,2026-10-08 10:04:36.242392,04:00:33,2026-10-08
2026-10-08 18:27:57.702767,2026-10-08 21:00:00,2026-10-08 22:00:00,2026-10-09 02:05:53.709798,2026-10-09 02:05:43.170634,06:37:56,2026-10-08
2026-10-09 06:39:56.833447,,,2026-10-09 11:08:00.000000,2026-10-09 16:42:17.037062,04:28:03,2026-10-09
2026-10-10 06:10:48.636960,,,2026-10-10 08:59:11.583852,2026-10-10 09:19:02.160440,02:48:22,2026-10-10
